{  
   "location":[  
      {  
         "dataset":"PBData",
         "poi":{  
            "langISOCode":"ENG",
            "langType":"primary",
            "name":"Downtown Special Services District",
            "alias":"Downtown Special Services District",
            "brandName":"",
            "categoryCode":10110700,
            "open24Hours":"0",
            "contactDetails":{  
               "address":{  
                  "formattedAddress":"5 Landmark Sq, Stamford, CT 06901",
                  "mainAddressLine":"5 Landmark Sq",
                  "addressLastLine":"Stamford, CT 06901",
                  "placeName":"Downtown Special Services District",
                  "areaName1":"CT",
                  "areaName2":"Fairfield",
                  "areaName3":"Stamford",
                  "areaName4":"Stamford",
                  "postCode":"06901",
                  "postCodeExt":"",
                  "country":"USA",
                  "addressNumber":"5",
                  "streetName":"Landmark Sq",
                  "unitType":"",
                  "unitValue":""
               },
               "phone":"+(1)-(203)-3485285",
               "fax":"",
               "email":"",
               "url":""
            }
         },
         "distance":{  
            "unit":"FEET",
            "value":"981.291"
         },
         "geometry":{  
            "type":"Point",
            "coordinates":[  
               -73.5375,
               41.055
            ]
         }
      },
      {  
         "dataset":"PBData",
         "poi":{  
            "langISOCode":"ENG",
            "langType":"primary",
            "name":"Fernaneo Luis Alvarez",
            "alias":"Fernaneo Luis Alvarez",
            "brandName":"",
            "categoryCode":10110201,
            "open24Hours":"0",
            "contactDetails":{  
               "address":{  
                  "formattedAddress":"96 Bedford St, Stamford, CT 06901",
                  "mainAddressLine":"96 Bedford St",
                  "addressLastLine":"Stamford, CT 06901",
                  "placeName":"Fernaneo Luis Alvarez",
                  "areaName1":"CT",
                  "areaName2":"Fairfield",
                  "areaName3":"Stamford",
                  "areaName4":"Stamford",
                  "postCode":"06901",
                  "postCodeExt":"",
                  "country":"USA",
                  "addressNumber":"96",
                  "streetName":"Bedford St",
                  "unitType":"",
                  "unitValue":""
               },
               "phone":"+(1)-(203)-3888844",
               "fax":"",
               "email":"",
               "url":""
            }
         },
         "distance":{  
            "unit":"FEET",
            "value":"1124.039"
         },
         "geometry":{  
            "type":"Point",
            "coordinates":[  
               -73.5387,
               41.0559
            ]
         }
      },
      {  
         "dataset":"PBData",
         "poi":{  
            "langISOCode":"ENG",
            "langType":"primary",
            "name":"Anthony S Art Glass Galleries",
            "alias":"Anthony S Art Glass Galleries",
            "brandName":"",
            "categoryCode":10110201,
            "open24Hours":"0",
            "contactDetails":{  
               "address":{  
                  "formattedAddress":"168 Bedford St, Stamford, CT 06901",
                  "mainAddressLine":"168 Bedford St",
                  "addressLastLine":"Stamford, CT 06901",
                  "placeName":"Anthony S Art Glass Galleries",
                  "areaName1":"CT",
                  "areaName2":"Fairfield",
                  "areaName3":"Stamford",
                  "areaName4":"Stamford",
                  "postCode":"06901",
                  "postCodeExt":"",
                  "country":"USA",
                  "addressNumber":"168",
                  "streetName":"Bedford St",
                  "unitType":"",
                  "unitValue":""
               },
               "phone":"+(1)-(203)-3244006",
               "fax":"",
               "email":"",
               "url":""
            }
         },
         "distance":{  
            "unit":"FEET",
            "value":"1279.376"
         },
         "geometry":{  
            "type":"Point",
            "coordinates":[  
               -73.5385,
               41.0563
            ]
         }
      },
      {  
         "dataset":"PBData",
         "poi":{  
            "langISOCode":"ENG",
            "langType":"primary",
            "name":"Summer St Press",
            "alias":"Summer St Press",
            "brandName":"",
            "categoryCode":10110201,
            "open24Hours":"0",
            "contactDetails":{  
               "address":{  
                  "formattedAddress":"460 Summer St, Stamford, CT 06901",
                  "mainAddressLine":"460 Summer St",
                  "addressLastLine":"Stamford, CT 06901",
                  "placeName":"Summer St Press",
                  "areaName1":"CT",
                  "areaName2":"Fairfield",
                  "areaName3":"Stamford",
                  "areaName4":"Stamford",
                  "postCode":"06901",
                  "postCodeExt":"",
                  "country":"USA",
                  "addressNumber":"460",
                  "streetName":"Summer St",
                  "unitType":"",
                  "unitValue":""
               },
               "phone":"+(1)-(203)-3252217",
               "fax":"",
               "email":"",
               "url":""
            }
         },
         "distance":{  
            "unit":"FEET",
            "value":"1323.181"
         },
         "geometry":{  
            "type":"Point",
            "coordinates":[  
               -73.5406,
               41.0565
            ]
         }
      },
      {  
         "dataset":"PBData",
         "poi":{  
            "langISOCode":"ENG",
            "langType":"primary",
            "name":"Franklin St Gallery",
            "alias":"Franklin St Gallery",
            "brandName":"",
            "categoryCode":10110201,
            "open24Hours":"0",
            "contactDetails":{  
               "address":{  
                  "formattedAddress":"45 Franklin St, Stamford, CT 06901",
                  "mainAddressLine":"45 Franklin St",
                  "addressLastLine":"Stamford, CT 06901",
                  "placeName":"Franklin St Gallery",
                  "areaName1":"CT",
                  "areaName2":"Fairfield",
                  "areaName3":"Stamford",
                  "areaName4":"Stamford",
                  "postCode":"06901",
                  "postCodeExt":"",
                  "country":"USA",
                  "addressNumber":"45",
                  "streetName":"Franklin St",
                  "unitType":"",
                  "unitValue":""
               },
               "phone":"+(1)-(203)-5955581",
               "fax":"",
               "email":"",
               "url":""
            }
         },
         "distance":{  
            "unit":"FEET",
            "value":"1579.256"
         },
         "geometry":{  
            "type":"Point",
            "coordinates":[  
               -73.5413,
               41.0571
            ]
         }
      },
      {  
         "dataset":"PBData",
         "poi":{  
            "langISOCode":"ENG",
            "langType":"primary",
            "name":"Hiden Galleries Division II",
            "alias":"Hiden Galleries Division II",
            "brandName":"",
            "categoryCode":10110201,
            "open24Hours":"0",
            "contactDetails":{  
               "address":{  
                  "formattedAddress":"127 Manhattan St, Stamford, CT 06902",
                  "mainAddressLine":"127 Manhattan St",
                  "addressLastLine":"Stamford, CT 06902",
                  "placeName":"Hiden Galleries Division II",
                  "areaName1":"CT",
                  "areaName2":"Fairfield",
                  "areaName3":"Stamford",
                  "areaName4":"Stamford",
                  "postCode":"06902",
                  "postCodeExt":"",
                  "country":"USA",
                  "addressNumber":"127",
                  "streetName":"Manhattan St",
                  "unitType":"",
                  "unitValue":""
               },
               "phone":"+(1)-(203)-3630003",
               "fax":"",
               "email":"",
               "url":""
            }
         },
         "distance":{  
            "unit":"FEET",
            "value":"2060.345"
         },
         "geometry":{  
            "type":"Point",
            "coordinates":[  
               -73.5377,
               41.0475
            ]
         }
      },
      {  
         "dataset":"PBData",
         "poi":{  
            "langISOCode":"ENG",
            "langType":"primary",
            "name":"Jewish Historical Society of Greater Stamford",
            "alias":"Jewish Historical Society of Greater Stamford",
            "brandName":"",
            "categoryCode":10110201,
            "open24Hours":"0",
            "contactDetails":{  
               "address":{  
                  "formattedAddress":"800 Summer St, Stamford, CT 06901",
                  "mainAddressLine":"800 Summer St",
                  "addressLastLine":"Stamford, CT 06901",
                  "placeName":"Jewish Historical Society of Greater Stamford",
                  "areaName1":"CT",
                  "areaName2":"Fairfield",
                  "areaName3":"Stamford",
                  "areaName4":"Stamford",
                  "postCode":"06901",
                  "postCodeExt":"",
                  "country":"USA",
                  "addressNumber":"800",
                  "streetName":"Summer St",
                  "unitType":"",
                  "unitValue":""
               },
               "phone":"+(1)-(203)-3592196",
               "fax":"",
               "email":"",
               "url":""
            }
         },
         "distance":{  
            "unit":"FEET",
            "value":"2183.843"
         },
         "geometry":{  
            "type":"Point",
            "coordinates":[  
               -73.5403,
               41.0589
            ]
         }
      },
      {  
         "dataset":"PBData",
         "poi":{  
            "langISOCode":"ENG",
            "langType":"primary",
            "name":"New England Center for Natural Medicine",
            "alias":"New England Center for Natural Medicine",
            "brandName":"",
            "categoryCode":10110201,
            "open24Hours":"0",
            "contactDetails":{  
               "address":{  
                  "formattedAddress":"970 Summer St, Stamford, CT 06905",
                  "mainAddressLine":"970 Summer St",
                  "addressLastLine":"Stamford, CT 06905",
                  "placeName":"New England Center for Natural Medicine",
                  "areaName1":"CT",
                  "areaName2":"Fairfield",
                  "areaName3":"Stamford",
                  "areaName4":"Stamford",
                  "postCode":"06905",
                  "postCodeExt":"",
                  "country":"USA",
                  "addressNumber":"970",
                  "streetName":"Summer St",
                  "unitType":"",
                  "unitValue":""
               },
               "phone":"+(1)-(203)-9697799",
               "fax":"",
               "email":"",
               "url":""
            }
         },
         "distance":{  
            "unit":"FEET",
            "value":"2478.956"
         },
         "geometry":{  
            "type":"Point",
            "coordinates":[  
               -73.5405,
               41.0597
            ]
         }
      },
      {  
         "dataset":"PBData",
         "poi":{  
            "langISOCode":"ENG",
            "langType":"primary",
            "name":"Samuel Owen Gallery",
            "alias":"Samuel Owen Gallery",
            "brandName":"",
            "categoryCode":10110201,
            "open24Hours":"0",
            "contactDetails":{  
               "address":{  
                  "formattedAddress":"69 Jefferson St, Stamford, CT 06902",
                  "mainAddressLine":"69 Jefferson St",
                  "addressLastLine":"Stamford, CT 06902",
                  "placeName":"Samuel Owen Gallery",
                  "areaName1":"CT",
                  "areaName2":"Fairfield",
                  "areaName3":"Stamford",
                  "areaName4":"Stamford",
                  "postCode":"06902",
                  "postCodeExt":"",
                  "country":"USA",
                  "addressNumber":"69",
                  "streetName":"Jefferson St",
                  "unitType":"",
                  "unitValue":""
               },
               "phone":"+(1)-(203)-3251924",
               "fax":"",
               "email":"",
               "url":""
            }
         },
         "distance":{  
            "unit":"FEET",
            "value":"2557.363"
         },
         "geometry":{  
            "type":"Point",
            "coordinates":[  
               -73.5319,
               41.0492
            ]
         }
      },
      {  
         "dataset":"PBData",
         "poi":{  
            "langISOCode":"ENG",
            "langType":"primary",
            "name":"Stamford Historical Society",
            "alias":"Stamford Historical Society",
            "brandName":"",
            "categoryCode":10110201,
            "open24Hours":"0",
            "contactDetails":{  
               "address":{  
                  "formattedAddress":"713 Bedford St, Stamford, CT 06901",
                  "mainAddressLine":"713 Bedford St",
                  "addressLastLine":"Stamford, CT 06901",
                  "placeName":"Stamford Historical Society",
                  "areaName1":"CT",
                  "areaName2":"Fairfield",
                  "areaName3":"Stamford",
                  "areaName4":"Stamford",
                  "postCode":"06901",
                  "postCodeExt":"",
                  "country":"USA",
                  "addressNumber":"713",
                  "streetName":"Bedford St",
                  "unitType":"",
                  "unitValue":""
               },
               "phone":"+(1)-(203)-9759089",
               "fax":"",
               "email":"",
               "url":""
            }
         },
         "distance":{  
            "unit":"FEET",
            "value":"2703.785"
         },
         "geometry":{  
            "type":"Point",
            "coordinates":[  
               -73.5373,
               41.0601
            ]
         }
      }
   ]
}
